,bid_size_0,bid_price_0,bid_size_1,bid_price_1,bid_size_2,bid_price_2,bid_size_3,bid_price_3,bid_size_4,bid_price_4,bid_size_5,bid_price_5,bid_size_6,bid_price_6,bid_size_7,bid_price_7,bid_size_8,bid_price_8,bid_size_9,bid_price_9,ask_size_0,ask_price_0,ask_size_1,ask_price_1,ask_size_2,ask_price_2,ask_size_3,ask_price_3,ask_size_4,ask_price_4,ask_size_5,ask_price_5,ask_size_6,ask_price_6,ask_size_7,ask_price_7,ask_size_8,ask_price_8,ask_size_9,ask_price_9
bid_size_0,1.0,0.17921540901617172,0.32870207988828876,0.17992461579840302,0.09556230285664521,0.18064465117576595,0.008104595612532269,0.1813692031988849,-0.01862516681953987,0.18210962121658836,-0.0956022501039013,0.18284673822791084,-0.059244826935021186,0.18357351877689693,-0.04557181910178863,0.1843114645820654,-0.03871391697997936,0.1850578055880838,0.006008970760672352,0.1857961182721177,-0.0959907582941578,0.18616374527150636,-0.06910376548858194,0.18619124844181903,0.019405832229736564,0.18622382648797658,0.08745432881597062,0.18625157278988688,0.08835206855149935,0.1862872680432692,0.061227694689206476,0.18632136200150484,0.0521514645626673,0.18634392845397182,0.030377646428834205,0.18636516468708805,0.034295425765025145,0.1863909091201784,0.04212608892738149,0.1864149752326653
bid_price_0,0.17921540901617172,1.0,0.21270411923701957,0.9999749508820028,-0.0030372101001756575,0.9999500034247784,-0.10530204991950078,0.9999252513008395,-0.12465715529320427,0.9998994422559282,-0.12456539522305858,0.9998735314121573,-0.12596905846459183,0.9998483711389782,-0.09752452612497758,0.9998215915191948,-0.07344769305564902,0.9997954710994601,-0.03770540134166389,0.999770002274369,-0.12975897989974158,0.9996661376544386,-0.12330470801969512,0.9996541109069146,-0.00977109420943609,0.9996441617000839,0.029438681277069445,0.9996329865260669,0.03634602423527712,0.999620002680849,0.04787837573077351,0.99960643036088,0.07308931821415793,0.9995942781079704,0.08103051455548863,0.9995833830043369,0.08503137623458017,0.9995730883626228,0.05716392670899404,0.9995633157213286
bid_size_1,0.32870207988828876,0.21270411923701957,1.0,0.21240203933620924,0.2590675603969453,0.21267240263510956,0.11248821719421329,0.21293211126483474,0.02087597889893783,0.21320446424517575,-0.0033572858712182115,0.21349986675857785,-0.027206098524113383,0.2137664053476351,0.007969578173728648,0.21407131713006744,0.01349399925811104,0.2143632036331139,0.04234746720509545,0.21464890891416666,-0.1102926967354297,0.21506982291375,-0.04960744448215333,0.21497512561133097,0.10600436751551547,0.21489680639885583,0.15256457944360416,0.21482015083915337,0.09536561291969083,0.21473738689263563,0.06919059588356184,0.21465394500593554,0.06471691480934431,0.21456664491489422,0.043182650617831414,0.2144858007668486,0.036179668176688336,0.21440006221937294,0.032834950641894116,0.21432289343845362
bid_price_1,0.17992461579840302,0.9999749508820028,0.21240203933620924,1.0,-0.003048652149078024,0.9999751826313467,-0.10527624216007356,0.9999504356400258,-0.12455064220992887,0.9999246612131604,-0.12444029457958139,0.9998987494695646,-0.12586343524362276,0.9998736019470467,-0.09747799260205917,0.9998468616683015,-0.07339527870121809,0.9998207056799657,-0.03764232295210787,0.9997952257245212,-0.12990758142092249,0.9996711004963679,-0.1233458747154387,0.9996589897110093,-0.00975244261093614,0.9996490293840992,0.029474726056774238,0.9996378212900657,0.03638599674117206,0.9996246546255478,0.04793113771712591,0.999611027185646,0.0730999174190383,0.9995988736261913,0.08103631029137282,0.999588002992277,0.08505401192895727,0.9995777363399584,0.05720079570136385,0.999567974086036
bid_size_2,0.09556230285664521,-0.0030372101001756575,0.2590675603969453,-0.003048652149078024,1.0,-0.0030610062905502946,0.1611260983161468,-0.0030989832102237764,0.10662015096565562,-0.0031013564214577593,0.058234017260745376,-0.003108215537925088,0.08781645097744774,-0.003144909859519289,0.12532498539958864,-0.0031545428151171714,0.11332264899242356,-0.0031420753470702213,0.08453871018261197,-0.0031492174220850225,-0.02078585385246327,-0.004715563915698914,0.08126622516264062,-0.0048282890977800665,0.22318076069507461,-0.004909175851312683,0.13498170731025863,-0.00499714146255702,0.020388612615389545,-0.005097780726672392,0.04269046209615418,-0.005217445660010307,0.04837865484702071,-0.005325685334300944,0.05407471063545393,-0.005405496186758679,0.01197725774015528,-0.005472777339837175,-0.013971270982245956,-0.005547432950280406
bid_price_2,0.18064465117576595,0.9999500034247784,0.21267240263510956,0.9999751826313467,-0.0030610062905502946,1.0,-0.10524892156656299,0.9999752612107046,-0.12445038856691107,0.9999495248048886,-0.12431481223092353,0.9999236156014981,-0.1257585243746427,0.9998984840642495,-0.09743294528307511,0.9998717869143857,-0.07333964023130464,0.9998455991091841,-0.03758226349926762,0.9998201116030278,-0.130054067635749,0.9996761731938923,-0.1233919525515032,0.9996640737417147,-0.00973259830702516,0.9996541235738444,0.029511133503005434,0.9996429143265684,0.03642331033529333,0.9996297032742124,0.04798193875798877,0.9996161162715884,0.07309429051651102,0.9996039859212423,0.08107067868904193,0.9995931468236018,0.0850741932000097,0.9995828867395322,0.05723224551719201,0.9995731384393857
bid_size_3,0.008104595612532269,-0.10530204991950078,0.11248821719421329,-0.10527624216007356,0.1611260983161468,-0.10524892156656299,1.0,-0.10523039628601172,0.09153382637108852,-0.10532102057627296,0.12540057349717224,-0.10538377233380104,0.10646820395999532,-0.10547199408252071,0.10513352040455193,-0.1055340007829774,0.1721618543549995,-0.10560359294158411,0.15307058293110423,-0.10568735030952935,0.05256636017705002,-0.10821147460051685,0.1764809447349025,-0.10835191301663416,0.12542178929528153,-0.10845249742344505,0.020579172039014725,-0.10857525812915932,-0.021629563065186486,-0.10871252916248025,0.0023034573532831563,-0.10886403679013004,0.056124112661540104,-0.10900475468963254,0.05336537520905296,-0.10912031081813126,-0.019222470290053435,-0.1092250209928582,-0.048427036667953505,-0.10933434911330128
bid_price_3,0.1813692031988849,0.9999252513008395,0.21293211126483474,0.9999504356400258,-0.0030989832102237764,0.9999752612107046,-0.10523039628601172,1.0,-0.1243553894423732,0.9999742978550237,-0.12419598967923454,0.9999483874484699,-0.12566079138199485,0.9999232680457751,-0.0973972967650716,0.9998966104505628,-0.07329238446394257,0.9998703872269701,-0.037527026648063205,0.9998448884780847,-0.1302068935034313,0.9996821162730632,-0.12344482505090665,0.9996700383826946,-0.009720802422388168,0.9996600769459564,0.029538070774428243,0.9996488094206478,0.03646034707062679,0.9996355928803571,0.048024603777432125,0.9996220210538194,0.07308809944950005,0.9996098887394271,0.08110756770207551,0.9995990561981185,0.08508821861126795,0.9995888061679934,0.0572592556325771,0.9995790504345369
bid_size_4,-0.01862516681953987,-0.12465715529320427,0.02087597889893783,-0.12455064220992887,0.10662015096565562,-0.12445038856691107,0.09153382637108852,-0.1243553894423732,1.0,-0.1242260549795551,0.030926331250574212,-0.1245012537338983,0.15812903428202832,-0.12478449675734203,0.13068963634858227,-0.1250133027784178,0.11248729954768318,-0.12525693455717954,0.18251705090207748,-0.1255289159116341,0.11311058195544782,-0.12839099894974615,0.09633493466966905,-0.12859962587863233,0.01015255104052874,-0.12878134900928226,0.0061229933622464075,-0.12898176708005588,-0.021144181966752933,-0.1291905349128141,0.025836716342173292,-0.1293984973975551,0.06554154502735339,-0.12960552581410098,0.013828385684860202,-0.12980604134024257,-0.04197696289551303,-0.129991801253761,-0.027393668673829807,-0.13017933287101835
bid_price_4,0.18210962121658836,0.9998994422559282,0.21320446424517575,0.9999246612131604,-0.0031013564214577593,0.9999495248048886,-0.10532102057627296,0.9999742978550237,-0.1242260549795551,1.0,-0.12404378746766785,0.9999740494701517,-0.12553408225704965,0.9999489108226128,-0.09733272373735097,0.9999222567274269,-0.07323698263236107,0.9998959620997026,-0.037457921842659184,0.9998704164695986,-0.13038015469576586,0.9996859923017243,-0.12347990590397077,0.9996738734157472,-0.009688107195557516,0.9996638296843254,0.02957971805000759,0.9996524830822322,0.03649206041659861,0.9996392440419107,0.04804196722598708,0.9996256707152184,0.07310043384200203,0.9996135194647042,0.08116269922571676,0.9996026757943832,0.08511024747522836,0.9995924181599183,0.05729352129925113,0.9995826371838806
bid_size_5,-0.0956022501039013,-0.12456539522305858,-0.0033572858712182115,-0.12444029457958139,0.058234017260745376,-0.12431481223092353,0.12540057349717224,-0.12419598967923454,0.030926331250574212,-0.12404378746766785,1.0,-0.1238881798300792,-0.01664764597595535,-0.12415787902325412,0.18546059542052762,-0.12438728668617957,0.1644355539248099,-0.12462381881751784,0.08351476715520195,-0.12488064724879223,0.06850765939214785,-0.1276516956726637,0.05650875194008498,-0.12784350494857655,0.029601458804805896,-0.12800544162530783,-0.0001559248809044893,-0.12817399880698474,-0.002717227565301083,-0.12834093939879293,0.03888754720283651,-0.12852179849381523,-0.00023645027100932105,-0.12871814263969675,-0.021404365102548763,-0.12889239482192474,-0.030645853796097446,-0.12905005155314675,-0.02685237294655441,-0.12920589888064954
bid_price_5,0.18284673822791084,0.9998735314121573,0.21349986675857785,0.9998987494695646,-0.003108215537925088,0.9999236156014981,-0.10538377233380104,0.9999483874484699,-0.1245012537338983,0.9999740494701517,-0.1238881798300792,1.0,-0.12540039802243427,0.9999748920271729,-0.09726836867212235,0.9999482983551334,-0.07316475928156028,0.9999219892533018,-0.03739809194648985,0.9998964537139426,-0.13054216994286072,0.9996900457700193,-0.12351155162100362,0.999677864673301,-0.009647027806471987,0.9996678240773431,0.02962604574255445,0.9996565087852729,0.036512001940748724,0.9996432793441462,0.048081188180663634,0.9996297366499599,0.07312818981422159,0.999617598567244,0.08122295955580106,0.9996067758005215,0.08513395939233946,0.9995965425975992,0.05732980396353855,0.9995867684000675
bid_size_6,-0.059244826935021186,-0.12596905846459183,-0.027206098524113383,-0.12586343524362276,0.08781645097744774,-0.1257585243746427,0.10646820395999532,-0.12566079138199485,0.15812903428202832,-0.12553408225704965,-0.01664764597595535,-0.12540039802243427,1.0,-0.12528505800033743,-0.07610755170789606,-0.12544558628448993,0.22445721995699622,-0.12562624273764048,0.18134914900407753,-0.12583047640712128,0.07686529097303374,-0.12831097130041227,0.07525502889416445,-0.12846558574782044,0.04179939491998534,-0.12858585650183296,0.017383781664847064,-0.1287085991807646,0.0064294598819122735,-0.12884780295722506,-0.05388713321303657,-0.12899256662440914,-0.045688530133057084,-0.12914007027919455,-0.01685562982276448,-0.1292743118968441,-0.029616085928554896,-0.1293960816135871,-0.03826432876836674,-0.12951855280415378
bid_price_6,0.18357351877689693,0.9998483711389782,0.2137664053476351,0.9998736019470467,-0.003144909859519289,0.9998984840642495,-0.10547199408252071,0.9999232680457751,-0.12478449675734203,0.9999489108226128,-0.12415787902325412,0.9999748920271729,-0.12528505800033743,1.0,-0.09721892564152128,0.9999733992930762,-0.07310758498175011,0.9999470082082866,-0.03733284512634805,0.9999214150349807,-0.1307062236251182,0.9996949241242385,-0.12357403348104597,0.9996827581995892,-0.009660085038809996,0.9996726992824897,0.029646804388107507,0.999661393604593,0.03656276247459275,0.9996481519256668,0.048131570080282876,0.9996346178226821,0.0731215178753493,0.999622471047765,0.08125959699479311,0.9996116477584172,0.08515948757010497,0.9996014175436067,0.057361606456793106,0.9995916287723212
bid_size_7,-0.04557181910178863,-0.09752452612497758,0.007969578173728648,-0.09747799260205917,0.12532498539958864,-0.09743294528307511,0.10513352040455193,-0.0973972967650716,0.13068963634858227,-0.09733272373735097,0.18546059542052762,-0.09726836867212235,-0.07610755170789606,-0.09721892564152128,1.0,-0.09712043524823633,-0.03691297589054839,-0.09723402797951207,0.19733906236606857,-0.09738115195614473,0.045077879328782,-0.09895190522871818,0.05450148011286933,-0.09912701158020061,0.06586057919228498,-0.09927366356805437,0.012453410393235413,-0.09943016503377455,-0.06935898957601797,-0.09959594634882984,-0.06025775143834584,-0.09976347118515128,-0.011225459972998479,-0.0999428031264673,-0.03818299215810868,-0.10009563482436466,-0.045213111533334675,-0.10024420878033731,-0.05688010817617932,-0.10038640849071101
bid_price_7,0.1843114645820654,0.9998215915191948,0.21407131713006744,0.9998468616683015,-0.0031545428151171714,0.9998717869143857,-0.1055340007829774,0.9998966104505628,-0.1250133027784178,0.9999222567274269,-0.12438728668617957,0.9999482983551334,-0.12544558628448993,0.9999733992930762,-0.09712043524823633,1.0,-0.07301459464787978,0.9999735117846795,-0.037241731650801684,0.9999478606679711,-0.13086717268147718,0.9996968305051883,-0.1236634376832214,0.9996847070545306,-0.009688787520792821,0.999674654931743,0.029706193823768844,0.9996633846417662,0.036644852404096206,0.9996501568325784,0.048220045173646676,0.9996366579706016,0.07314536466060742,0.9996245286850461,0.08133194390190397,0.9996137298908178,0.08521929431208591,0.9996035277251014,0.05743275324141575,0.9995937491970567
bid_size_8,-0.03871391697997936,-0.07344769305564902,0.01349399925811104,-0.07339527870121809,0.11332264899242356,-0.07333964023130464,0.1721618543549995,-0.07329238446394257,0.11248729954768318,-0.07323698263236107,0.1644355539248099,-0.07316475928156028,0.22445721995699622,-0.07310758498175011,-0.03691297589054839,-0.07301459464787978,1.0,-0.07291515549502166,0.05538643165892677,-0.07308711639436323,0.024905587393104816,-0.07508706622244013,0.0836801334298097,-0.07526795396600904,0.051386473393552866,-0.07541796868920544,-0.0398040504655277,-0.07558108339382973,-0.07956477297922329,-0.07574519100365842,-0.0364933110430695,-0.07591227894945321,-0.041302381744448245,-0.07609145947821781,-0.05024247979335845,-0.07624882909575326,-0.05947915754893856,-0.0763948273156297,-0.05420012083629798,-0.07653523087975124
bid_price_8,0.1850578055880838,0.9997954710994601,0.2143632036331139,0.9998207056799657,-0.0031420753470702213,0.9998455991091841,-0.10560359294158411,0.9998703872269701,-0.12525693455717954,0.9998959620997026,-0.12462381881751784,0.9999219892533018,-0.12562624273764048,0.9999470082082866,-0.09723402797951207,0.9999735117846795,-0.07291515549502166,1.0,-0.03714547861800036,0.9999743584330586,-0.1310346458604271,0.9997001499153575,-0.12376493065998118,0.9996880473339184,-0.009684450306742092,0.999677980582019,0.02980257156208584,0.9996667242141637,0.03674210691002764,0.9996534887571917,0.04830653698051385,0.9996400035745141,0.07318213590352476,0.9996278702635049,0.0814140354580343,0.999617074538781,0.0852868081511252,0.9996068789926289,0.05750655247406738,0.9995970892974775
bid_size_9,0.006008970760672352,-0.03770540134166389,0.04234746720509545,-0.03764232295210787,0.08453871018261197,-0.03758226349926762,0.15307058293110423,-0.037527026648063205,0.18251705090207748,-0.037457921842659184,0.08351476715520195,-0.03739809194648985,0.18134914900407753,-0.03733284512634805,0.19733906236606857,-0.037241731650801684,0.05538643165892677,-0.03714547861800036,1.0,-0.03705958746813721,0.04592505455463466,-0.03953009016329534,0.035916292230340034,-0.03973128179176723,-0.001419939722985958,-0.039897336828567394,-0.04834536008604412,-0.04007361490245643,-0.0672586084507081,-0.04025923030563679,-0.035850660082843065,-0.04043360701675704,-0.0325927136571991,-0.04061910247207332,-0.0365533265447667,-0.0407946850115762,-0.0469317659660222,-0.0409612569369565,-0.026845645101255318,-0.041128145180895546
bid_price_9,0.1857961182721177,0.999770002274369,0.21464890891416666,0.9997952257245212,-0.0031492174220850225,0.9998201116030278,-0.10568735030952935,0.9998448884780847,-0.1255289159116341,0.9998704164695986,-0.12488064724879223,0.9998964537139426,-0.12583047640712128,0.9999214150349807,-0.09738115195614473,0.9999478606679711,-0.07308711639436323,0.9999743584330586,-0.03705958746813721,1.0,-0.13122509991956616,0.999704993406172,-0.1238202668487432,0.9996928646284816,-0.00963558496000435,0.9996827796009647,0.029882237401337677,0.9996715333033561,0.036827374922739735,0.9996582862281307,0.04838656960945584,0.9996448105809573,0.07321771813130767,0.999632669253854,0.08148211127573984,0.9996218729791627,0.08533692472680736,0.9996116804194142,0.05755704229941768,0.9996018760014753
ask_size_0,-0.0959907582941578,-0.12975897989974158,-0.1102926967354297,-0.12990758142092249,-0.02078585385246327,-0.130054067635749,0.05256636017705002,-0.1302068935034313,0.11311058195544782,-0.13038015469576586,0.06850765939214785,-0.13054216994286072,0.07686529097303374,-0.1307062236251182,0.045077879328782,-0.13086717268147718,0.024905587393104816,-0.1310346458604271,0.04592505455463466,-0.13122509991956616,1.0,-0.1240574877108707,0.18188876559988043,-0.12475210289803323,0.024127693567903764,-0.12547147469457248,-0.027802853294233994,-0.1261802978655112,-0.010397198399775145,-0.12688479421741625,-0.04036489548403648,-0.12758320252628694,0.015374099799829342,-0.12829633516783245,0.005112977952982818,-0.12901248258769743,-0.022452831036716896,-0.1297321160793618,-0.0009016368965382923,-0.13044770007766335
ask_price_0,0.18616374527150636,0.9996661376544386,0.21506982291375,0.9996711004963679,-0.004715563915698914,0.9996761731938923,-0.10821147460051685,0.9996821162730632,-0.12839099894974615,0.9996859923017243,-0.1276516956726637,0.9996900457700193,-0.12831097130041227,0.9996949241242385,-0.09895190522871818,0.9996968305051883,-0.07508706622244013,0.9997001499153575,-0.03953009016329534,0.999704993406172,-0.1240574877108707,1.0,-0.12099551730345708,0.9999720615576528,-0.010775508345759098,0.999945007237325,0.026957665453337925,0.9999176669709718,0.03393208234804379,0.9998895128580854,0.04626872500436284,0.9998609345310456,0.07166160297706996,0.9998329800521517,0.07997646192982179,0.9998055327910619,0.08372954754614617,0.9997783540712382,0.05596726219996796,0.9997512677242169
ask_size_1,-0.06910376548858194,-0.12330470801969512,-0.04960744448215333,-0.1233458747154387,0.08126622516264062,-0.1233919525515032,0.1764809447349025,-0.12344482505090665,0.09633493466966905,-0.12347990590397077,0.05650875194008498,-0.12351155162100362,0.07525502889416445,-0.12357403348104597,0.05450148011286933,-0.1236634376832214,0.0836801334298097,-0.12376493065998118,0.035916292230340034,-0.1238202668487432,0.18188876559988043,-0.12099551730345708,1.0,-0.12068272279962773,0.11839056253952454,-0.12097793596573546,0.02577574417440343,-0.12128942726504173,0.008126845509209875,-0.12160687752472789,0.053447932329893665,-0.12191756920028303,0.03108711868349562,-0.12224342949636971,0.045545484171348107,-0.12254897392143262,0.009832139937573507,-0.12284293405884437,0.011765158190750094,-0.12314083403952172
ask_price_1,0.18619124844181903,0.9996541109069146,0.21497512561133097,0.9996589897110093,-0.0048282890977800665,0.9996640737417147,-0.10835191301663416,0.9996700383826946,-0.12859962587863233,0.9996738734157472,-0.12784350494857655,0.999677864673301,-0.12846558574782044,0.9996827581995892,-0.09912701158020061,0.9996847070545306,-0.07526795396600904,0.9996880473339184,-0.03973128179176723,0.9996928646284816,-0.12475210289803323,0.9999720615576528,-0.12068272279962773,1.0,-0.010741518699627781,0.9999729204717234,0.026888955897447938,0.9999455787691991,0.03381331917449933,0.9999175577400298,0.04618226776530052,0.9998894209400554,0.07161652136171319,0.9998615852281629,0.07996791933971034,0.9998341875706149,0.08367564038956862,0.9998069801821038,0.05587269218471981,0.9997798691340731
ask_size_2,0.019405832229736564,-0.00977109420943609,0.10600436751551547,-0.00975244261093614,0.22318076069507461,-0.00973259830702516,0.12542178929528153,-0.009720802422388168,0.01015255104052874,-0.009688107195557516,0.029601458804805896,-0.009647027806471987,0.04179939491998534,-0.009660085038809996,0.06586057919228498,-0.009688787520792821,0.051386473393552866,-0.009684450306742092,-0.001419939722985958,-0.00963558496000435,0.024127693567903764,-0.010775508345759098,0.11839056253952454,-0.010741518699627781,1.0,-0.01068736028951222,0.10023263113223367,-0.010715967757241554,0.05887903619304091,-0.010753944676729495,0.08261104474328544,-0.010778906965683396,0.10510245375681236,-0.010798268644851922,0.08859899612120498,-0.010820833524616554,0.05036422583338679,-0.010840108507655726,0.034119237866610676,-0.010850768553825151
ask_price_2,0.18622382648797658,0.9996441617000839,0.21489680639885583,0.9996490293840992,-0.004909175851312683,0.9996541235738444,-0.10845249742344505,0.9996600769459564,-0.12878134900928226,0.9996638296843254,-0.12800544162530783,0.9996678240773431,-0.12858585650183296,0.9996726992824897,-0.09927366356805437,0.999674654931743,-0.07541796868920544,0.999677980582019,-0.039897336828567394,0.9996827796009647,-0.12547147469457248,0.999945007237325,-0.12097793596573546,0.9999729204717234,-0.01068736028951222,1.0,0.02684266382669792,0.99997268273342,0.033732422096564706,0.9999447038606457,0.046131608324467166,0.9999165841223407,0.07158372415023964,0.9998887549729204,0.07998900367229869,0.9998613643969361,0.08362615357885486,0.9998341569846977,0.055808092095534154,0.9998070495711434
ask_size_3,0.08745432881597062,0.029438681277069445,0.15256457944360416,0.029474726056774238,0.13498170731025863,0.029511133503005434,0.020579172039014725,0.029538070774428243,0.0061229933622464075,0.02957971805000759,-0.0001559248809044893,0.02962604574255445,0.017383781664847064,0.029646804388107507,0.012453410393235413,0.029706193823768844,-0.0398040504655277,0.02980257156208584,-0.04834536008604412,0.029882237401337677,-0.027802853294233994,0.026957665453337925,0.02577574417440343,0.026888955897447938,0.10023263113223367,0.02684266382669792,1.0,0.026776215212110602,0.0903091534410141,0.026914054271065975,0.055430317871733574,0.02705626898118093,0.09688263488328422,0.027225415566660402,0.14150201601114643,0.02739302669394611,0.1289348385592845,0.027558937931244823,0.0734799162447292,0.027718689370035753
ask_price_3,0.18625157278988688,0.9996329865260669,0.21482015083915337,0.9996378212900657,-0.00499714146255702,0.9996429143265684,-0.10857525812915932,0.9996488094206478,-0.12898176708005588,0.9996524830822322,-0.12817399880698474,0.9996565087852729,-0.1287085991807646,0.999661393604593,-0.09943016503377455,0.9996633846417662,-0.07558108339382973,0.9996667242141637,-0.04007361490245643,0.9996715333033561,-0.1261802978655112,0.9999176669709718,-0.12128942726504173,0.9999455787691991,-0.010715967757241554,0.99997268273342,0.026776215212110602,1.0,0.033641511128937214,0.9999724718655394,0.046061071105436044,0.9999443651353337,0.07156987456015586,0.9999166062210946,0.07998030426403463,0.9998892228134667,0.08355685319847357,0.9998620154521491,0.055718099142261994,0.9998349118353551
ask_size_4,0.08835206855149935,0.03634602423527712,0.09536561291969083,0.03638599674117206,0.020388612615389545,0.03642331033529333,-0.021629563065186486,0.03646034707062679,-0.021144181966752933,0.03649206041659861,-0.002717227565301083,0.036512001940748724,0.0064294598819122735,0.03656276247459275,-0.06935898957601797,0.036644852404096206,-0.07956477297922329,0.03674210691002764,-0.0672586084507081,0.036827374922739735,-0.010397198399775145,0.03393208234804379,0.008126845509209875,0.03381331917449933,0.05887903619304091,0.033732422096564706,0.0903091534410141,0.033641511128937214,1.0,0.033533124633210065,0.019371896434044397,0.033760863784149595,0.04741265157169981,0.03402241255681158,0.11065517210120256,0.034289237035561394,0.10515246061080862,0.03455602272114548,0.11577270954246066,0.034816509521710275
ask_price_4,0.1862872680432692,0.999620002680849,0.21473738689263563,0.9996246546255478,-0.005097780726672392,0.9996297032742124,-0.10871252916248025,0.9996355928803571,-0.1291905349128141,0.9996392440419107,-0.12834093939879293,0.9996432793441462,-0.12884780295722506,0.9996481519256668,-0.09959594634882984,0.9996501568325784,-0.07574519100365842,0.9996534887571917,-0.04025923030563679,0.9996582862281307,-0.12688479421741625,0.9998895128580854,-0.12160687752472789,0.9999175577400298,-0.010753944676729495,0.9999447038606457,0.026914054271065975,0.9999724718655394,0.033533124633210065,1.0,0.04598306003594848,0.9999722256923543,0.07152667795737944,0.9999444441221463,0.07997981811522775,0.9999170357061169,0.08348446350520539,0.9998898033149148,0.05561442816571014,0.9998626678079118
ask_size_5,0.061227694689206476,0.04787837573077351,0.06919059588356184,0.04793113771712591,0.04269046209615418,0.04798193875798877,0.0023034573532831563,0.048024603777432125,0.025836716342173292,0.04804196722598708,0.03888754720283651,0.048081188180663634,-0.05388713321303657,0.048131570080282876,-0.06025775143834584,0.048220045173646676,-0.0364933110430695,0.04830653698051385,-0.035850660082843065,0.04838656960945584,-0.04036489548403648,0.04626872500436284,0.053447932329893665,0.04618226776530052,0.08261104474328544,0.046131608324467166,0.055430317871733574,0.046061071105436044,0.019371896434044397,0.04598306003594848,1.0,0.045887852450107146,-0.057984208151448745,0.04603404875967758,0.05556029449435379,0.04621307645739233,0.06022073847379071,0.04639177615982748,0.09556575832112706,0.04657032498329494
ask_price_5,0.18632136200150484,0.99960643036088,0.21465394500593554,0.999611027185646,-0.005217445660010307,0.9996161162715884,-0.10886403679013004,0.9996220210538194,-0.1293984973975551,0.9996256707152184,-0.12852179849381523,0.9996297366499599,-0.12899256662440914,0.9996346178226821,-0.09976347118515128,0.9996366579706016,-0.07591227894945321,0.9996400035745141,-0.04043360701675704,0.9996448105809573,-0.12758320252628694,0.9998609345310456,-0.12191756920028303,0.9998894209400554,-0.010778906965683396,0.9999165841223407,0.02705626898118093,0.9999443651353337,0.033760863784149595,0.9999722256923543,0.045887852450107146,1.0,0.07148202315939899,0.9999724371412676,0.07996438544453327,0.999945049886828,0.08345691932420675,0.9999178279554076,0.05549920199880516,0.9998907103468835
ask_size_6,0.0521514645626673,0.07308931821415793,0.06471691480934431,0.0730999174190383,0.04837865484702071,0.07309429051651102,0.056124112661540104,0.07308809944950005,0.06554154502735339,0.07310043384200203,-0.00023645027100932105,0.07312818981422159,-0.045688530133057084,0.0731215178753493,-0.011225459972998479,0.07314536466060742,-0.041302381744448245,0.07318213590352476,-0.0325927136571991,0.07321771813130767,0.015374099799829342,0.07166160297706996,0.03108711868349562,0.07161652136171319,0.10510245375681236,0.07158372415023964,0.09688263488328422,0.07156987456015586,0.04741265157169981,0.07152667795737944,-0.057984208151448745,0.07148202315939899,1.0,0.07143700081586911,-0.0421542285741975,0.07147054330801038,0.09366868138306209,0.07151388106127395,0.026116025058965067,0.07155701231593138
ask_price_6,0.18634392845397182,0.9995942781079704,0.21456664491489422,0.9995988736261913,-0.005325685334300944,0.9996039859212423,-0.10900475468963254,0.9996098887394271,-0.12960552581410098,0.9996135194647042,-0.12871814263969675,0.999617598567244,-0.12914007027919455,0.999622471047765,-0.0999428031264673,0.9996245286850461,-0.07609145947821781,0.9996278702635049,-0.04061910247207332,0.999632669253854,-0.12829633516783245,0.9998329800521517,-0.12224342949636971,0.9998615852281629,-0.010798268644851922,0.9998887549729204,0.027225415566660402,0.9999166062210946,0.03402241255681158,0.9999444441221463,0.04603404875967758,0.9999724371412676,0.07143700081586911,1.0,0.07994874428786844,0.999972886418506,0.08337978183509956,0.9999456928151746,0.0554039975809024,0.9999186109022846
ask_size_7,0.030377646428834205,0.08103051455548863,0.043182650617831414,0.08103631029137282,0.05407471063545393,0.08107067868904193,0.05336537520905296,0.08110756770207551,0.013828385684860202,0.08116269922571676,-0.021404365102548763,0.08122295955580106,-0.01685562982276448,0.08125959699479311,-0.03818299215810868,0.08133194390190397,-0.05024247979335845,0.0814140354580343,-0.0365533265447667,0.08148211127573984,0.005112977952982818,0.07997646192982179,0.045545484171348107,0.07996791933971034,0.08859899612120498,0.07998900367229869,0.14150201601114643,0.07998030426403463,0.11065517210120256,0.07997981811522775,0.05556029449435379,0.07996438544453327,-0.0421542285741975,0.07994874428786844,1.0,0.07995836593464205,0.022181772457409345,0.07997317281227327,0.09330733124665466,0.08000006602638046
ask_price_7,0.18636516468708805,0.9995833830043369,0.2144858007668486,0.999588002992277,-0.005405496186758679,0.9995931468236018,-0.10912031081813126,0.9995990561981185,-0.12980604134024257,0.9996026757943832,-0.12889239482192474,0.9996067758005215,-0.1292743118968441,0.9996116477584172,-0.10009563482436466,0.9996137298908178,-0.07624882909575326,0.999617074538781,-0.0407946850115762,0.9996218729791627,-0.12901248258769743,0.9998055327910619,-0.12254897392143262,0.9998341875706149,-0.010820833524616554,0.9998613643969361,0.02739302669394611,0.9998892228134667,0.034289237035561394,0.9999170357061169,0.04621307645739233,0.999945049886828,0.07147054330801038,0.999972886418506,0.07995836593464205,1.0,0.08332429310640461,0.9999728809597886,0.055320517097668574,0.999945813263962
ask_size_8,0.034295425765025145,0.08503137623458017,0.036179668176688336,0.08505401192895727,0.01197725774015528,0.0850741932000097,-0.019222470290053435,0.08508821861126795,-0.04197696289551303,0.08511024747522836,-0.030645853796097446,0.08513395939233946,-0.029616085928554896,0.08515948757010497,-0.045213111533334675,0.08521929431208591,-0.05947915754893856,0.0852868081511252,-0.0469317659660222,0.08533692472680736,-0.022452831036716896,0.08372954754614617,0.009832139937573507,0.08367564038956862,0.05036422583338679,0.08362615357885486,0.1289348385592845,0.08355685319847357,0.10515246061080862,0.08348446350520539,0.06022073847379071,0.08345691932420675,0.09366868138306209,0.08337978183509956,0.022181772457409345,0.08332429310640461,1.0,0.08326656150822957,0.05388705342577404,0.08339234162616979
ask_price_8,0.1863909091201784,0.9995730883626228,0.21440006221937294,0.9995777363399584,-0.005472777339837175,0.9995828867395322,-0.1092250209928582,0.9995888061679934,-0.129991801253761,0.9995924181599183,-0.12905005155314675,0.9995965425975992,-0.1293960816135871,0.9996014175436067,-0.10024420878033731,0.9996035277251014,-0.0763948273156297,0.9996068789926289,-0.0409612569369565,0.9996116804194142,-0.1297321160793618,0.9997783540712382,-0.12284293405884437,0.9998069801821038,-0.010840108507655726,0.9998341569846977,0.027558937931244823,0.9998620154521491,0.03455602272114548,0.9998898033149148,0.04639177615982748,0.9999178279554076,0.07151388106127395,0.9999456928151746,0.07997317281227327,0.9999728809597886,0.08326656150822957,1.0,0.055234068790521264,0.9999729713811645
ask_size_9,0.04212608892738149,0.05716392670899404,0.032834950641894116,0.05720079570136385,-0.013971270982245956,0.05723224551719201,-0.048427036667953505,0.0572592556325771,-0.027393668673829807,0.05729352129925113,-0.02685237294655441,0.05732980396353855,-0.03826432876836674,0.057361606456793106,-0.05688010817617932,0.05743275324141575,-0.05420012083629798,0.05750655247406738,-0.026845645101255318,0.05755704229941768,-0.0009016368965382923,0.05596726219996796,0.011765158190750094,0.05587269218471981,0.034119237866610676,0.055808092095534154,0.0734799162447292,0.055718099142261994,0.11577270954246066,0.05561442816571014,0.09556575832112706,0.05549920199880516,0.026116025058965067,0.0554039975809024,0.09330733124665466,0.055320517097668574,0.05388705342577404,0.055234068790521264,1.0,0.05515767945420152
ask_price_9,0.1864149752326653,0.9995633157213286,0.21432289343845362,0.999567974086036,-0.005547432950280406,0.9995731384393857,-0.10933434911330128,0.9995790504345369,-0.13017933287101835,0.9995826371838806,-0.12920589888064954,0.9995867684000675,-0.12951855280415378,0.9995916287723212,-0.10038640849071101,0.9995937491970567,-0.07653523087975124,0.9995970892974775,-0.041128145180895546,0.9996018760014753,-0.13044770007766335,0.9997512677242169,-0.12314083403952172,0.9997798691340731,-0.010850768553825151,0.9998070495711434,0.027718689370035753,0.9998349118353551,0.034816509521710275,0.9998626678079118,0.04657032498329494,0.9998907103468835,0.07155701231593138,0.9999186109022846,0.08000006602638046,0.999945813263962,0.08339234162616979,0.9999729713811645,0.05515767945420152,1.0
